0,1
code,16240
value,16107
data,16103
file,14532
use,13971
class,13142
error,13094
using,12785
function,12706
return,12578
name,12519
get,12306
string,11352
id,10890
like,10800
type,9941
new,9811
work,9330
need,9172
user,8979
want,8869
div,8573
question,8494
text,8327
one,8284
would,8066
import,7430
const,7005
list,6981
time,6783
true,6732
app,6640
array,6599
object,6566
add,6559
line,6506
also,6488
set,6437
example,6312
problem,6224
self,6188
wa,6061
answer,6014
way,5998
input,5951
doe,5855
result,5820
java,5811
number,5794
run,5634
table,5628
make,5626
first,5592
see,5591
try,5591
column,5535
image,5526
ha,5507
key,5481
public,5440
var,5424
item,5390
row,5337
thanks,5106
could,5092
null,5071
version,5017
test,5013
help,4970
case,4922
method,4860
python,4838
create,4827
log,4815
know,4721
date,4629
please,4583
index,4533
org,4522
change,4489
output,4447
button,4394
let,4340
path,4302
tried,4242
false,4241
trying,4237
variable,4235
script,4214
end,4157
json,4151
select,4146
android,4116
issue,4104
request,4069
page,4041
server,4025
post,4015
else,4013
option,3968
call,3917
api,3910
main,3859
check,3857
find,3849
console,3773
form,3770
look,3655
something,3642
show,3584
system,3548
message,3547
model,3521
project,3519
element,3491
content,3490
query,3480
thank,3404
df,3394
right,3382
view,3367
working,3335
url,3296
solution,3288
start,3264
think,3247
instead,3233
update,3229
two,3220
following,3191
color,3186
used,3177
package,3148
default,3130
different,3121
link,3098
read,3086
loop,3074
px,3058
void,3032
size,3024
still,2961
document,2934
application,2932
build,2901
node,2886
response,2860
window,2824
service,2788
mean,2775
style,2756
property,2749
sure,2742
label,2740
width,2727
without,2727
doc,2726
stackoverflow,2720
second,2718
yes,2671
field,2666
include,2656
event,2639
library,2631
def,2610
state,2581
src,2579
private,2565
another,2558
length,2550
php,2539
map,2534
go,2512
module,2467
lib,2443
std,2431
even,2399
order,2378
react,2372
found,2370
getting,2370
source,2355
next,2342
write,2335
however,2331
count,2323
group,2299
container,2278
give,2275
td,2267
much,2256
access,2233
title,2231
thing,2230
open,2224
may,2220
client,2219
database,2198
py,2185
parameter,2184
possible,2183
running,2180
range,2177
since,2177
header,2160
program,2159
well,2143
cannot,2140
context,2131
web,2119
display,2114
part,2110
inside,2099
able,2098
body,2088
io,2054
process,2029
double,2018
height,2012
seems,2001
added,2000
format,1987
local,1980
already,1965
email,1960
remove,1959
take,1958
last,1955
google,1950
edit,1949
word,1944
match,1939
net,1937
none,1934
child,1933
really,1930
say,1920
sql,1920
static,1905
put,1898
understand,1889
task,1879
instance,1877
might,1875
left,1870
status,1869
click,1859
wrong,1857
filter,1853
created,1838
dependency,1836
correct,1830
reference,1814
tag,1806
current,1800
await,1798
every,1787
cs,1785
multiple,1776
position,1768
load,1747
core,1741
bit,1739
note,1729
install,1708
character,1704
str,1704
setting,1699
target,1688
info,1685
background,1680
www,1668
github,1666
good,1666
char,1665
day,1660
address,1651
actually,1648
block,1648
idea,1636
pas,1630
done,1628
store,1623
long,1616
na,1608
fine,1604
db,1599
better,1596
copy,1595
single,1594
based,1592
got,1588
exception,1576
folder,1572
thread,1570
always,1569
root,1569
base,1561
specific,1560
val,1556
many,1551
product,1551
step,1546
font,1543
config,1542
called,1538
top,1535
async,1524
search,1519
template,1505
argument,1499
export,1492
must,1492
password,1491
resource,1487
parent,1480
simple,1479
col,1473
site,1464
action,1456
control,1456
statement,1455
span,1442
maybe,1440
javascript,1435
send,1427
sum,1425
home,1419
join,1419
connection,1414
empty,1411
convert,1394
token,1391
cell,1383
back,1380
max,1379
port,1369
directory,1365
lot,1364
reason,1359
sample,1354
img,1348
fix,1347
np,1338
required,1334
updated,1332
information,1330
route,1326
detail,1319
en,1316
location,1303
box,1300
close,1293
git,1290
ok,1290
replace,1286
probably,1282
expected,1277
frame,1277
keep,1275
failed,1272
etc,1271
looking,1261
insert,1259
err,1257
given,1256
stack,1251
append,1243
break,1243
debug,1243
xml,1243
memory,1234
save,1233
min,1228
bin,1227
record,1223
csv,1219
mi,1219
anything,1216
contains,1211
delete,1198
custom,1196
random,1192
exactly,1189
sheet,1187
support,1187
browser,1186
either,1186
provide,1185
center,1182
adding,1177
docker,1160
echo,1160
attribute,1158
card,1157
byte,1155
undefined,1155
description,1152
screen,1151
worked,1151
enter,1149
environment,1149
within,1148
missing,1146
space,1145
nothing,1144
struct,1137
level,1136
microsoft,1133
override,1133
split,1132
txt,1132
account,1131
apache,1126
though,1126
auto,1116
solve,1114
via,1111
creating,1100
dataframe,1100
host,1098
going,1095
head,1086
sub,1078
year,1077
section,1076
configuration,1074
final,1072
defined,1071
full,1068
original,1062
grid,1059
foo,1057
execute,1056
documentation,1055
price,1043
th,1042
clear,1041
place,1041
condition,1040
spring,1039
tool,1037
require,1034
icon,1033
entry,1031
login,1031
tell,1031
everything,1030
non,1029
num,1026
vector,1025
datetime,1023
device,1022
connect,1021
changed,1011
best,1005
operator,1002
category,999
sorry,999
language,998
username,998
npm,997
session,994
approach,988
side,981
fetch,974
len,972
define,971
ui,970
tr,969
widget,969
filename,964
month,964
usr,964
controller,960
border,959
prop,959
never,958
implementation,954
dev,949
mysql,946
expression,941
args,929
hello,928
foreach,927
li,927
made,926
apply,924
structure,923
catch,922
operation,921
us,919
invalid,916
pd,916
correctly,914
implement,913
currently,912
stream,912
similar,911
localhost,908
push,904
directly,896
difference,893
kind,883
anyone,881
setup,881
simply,880
ask,877
classname,876
func,873
far,871
figure,868
move,867
sort,867
padding,866
actual,865
pattern,863
temp,862
btn,861
handle,860
rule,859
someone,856
job,854
available,851
render,850
flutter,847
panda,845
constructor,843
valid,843
layout,842
plugin,842
collection,840
mode,840
share,833
plot,829
warning,828
throw,826
extension,825
tab,823
bar,821
rather,821
png,819
seem,811
stop,806
feature,805
cache,801
per,799
parse,795
whole,795
arr,793
reading,792
explain,791
network,791
cloud,789
schema,788
hour,785
firebase,781
syntax,780
installed,776
amount,775
needed,773
around,769
varchar,769
equal,768
standard,767
exists,763
developer,762
guess,762
margin,762
env,759
flag,759
allow,755
aws,755
tree,754
role,753
total,752
auth,751
meta,751
expect,750
cause,748
bool,747
driver,747
django,746
regex,746
hi,744
math,744
obj,744
calling,742
exist,741
limit,741
lang,740
security,740
cat,739
native,739
exit,738
active,735
dataset,733
website,733
whether,732
lambda,727
course,724
suggestion,723
azure,722
entity,722
testing,722
jquery,721
extends,720
unique,718
exact,717
member,715
thought,715
angular,714
red,712
shown,712
related,710
super,710
fixed,709
said,709
separate,709
rest,708
shape,708
align,706
switch,705
making,704
resolve,704
dynamic,702
jar,702
player,695
linux,692
previous,692
node_modules,690
admin,689
person,688
ip,685
fill,680
dictionary,679
sense,679
transform,679
flex,678
least,678
dim,677
excel,677
generate,677
win,677
bottom,676
pip,676
video,675
op,674
tostring,674
vue,674
layer,673
chrome,672
white,671
changing,669
framework,668
permission,667
menu,666
article,665
handler,663
global,661
logic,661
exe,656
socket,656
onclick,655
springframework,655
utf,655
cout,654
happens,654
router,654
checked,653
release,652
trigger,652
success,650
avoid,649
init,649
repository,648
selected,647
ref,645
req,643
achieve,642
master,642
latest,640
mentioned,640
duplicate,639
getelementbyid,639
storage,639
normal,638
enough,636
definition,635
real,635
numpy,633
writing,633
namespace,632
wanted,629
zero,629
studio,625
otherwise,624
download,623
le,623
param,623
__init__,620
machine,619
scope,619
old,618
small,618
runtime,616
fa,615
suggest,615
xsl,613
provider,611
callback,610
jpg,609
accept,607
bad,603
wait,603
behavior,600
contain,600
digit,598
returned,598
desktop,597
ajax,595
binary,590
great,589
boolean,588
consider,587
age,586
manually,585
platform,584
properly,584
modal,581
yet,581
chart,580
game,579
little,579
provided,579
assign,578
branch,576
generated,576
params,575
three,575
report,574
buffer,573
domain,572
basically,571
timestamp,570
paste,569
written,569
declare,568
named,567
automatically,566
submit,566
axis,565
hidden,565
score,565
asking,564
city,564
except,564
zip,564
people,563
snippet,563
starting,562
stored,562
checking,561
term,561
matrix,560
edited,559
remote,559
boot,557
pdf,557
usestate,557
begin,555
due,555
showing,553
channel,552
free,552
future,551
bootstrap,550
tmp,548
maven,545
binding,543
execution,540
promise,539
started,538
weight,538
quite,537
appreciated,535
extract,535
specify,535
fact,534
letter,534
gem,533
unit,532
cv,531
typescript,529
existing,528
express,528
helpful,527
im,527
basic,523
large,523
placeholder,523
customer,521
de,521
topic,521
advance,518
circle,518
shell,518
groupid,515
logging,515
overflow,515
ine,514
minute,514
unfortunately,514
passed,513
external,512
later,512
msg,511
util,511
hard,510
artifactid,509
solved,509
world,509
graph,507
black,506
counter,506
loading,505
unable,505
bug,504
encoding,504
book,501
dp,501
worker,501
proxy,499
engine,497
hope,497
nested,497
annotation,496
dart,495
primary,495
sh,491
symbol,491
outside,490
particular,490
choice,489
performance,489
returning,489
useful,488
building,487
manager,487
offset,487
turn,487
upload,487
easier,486
passing,486
car,485
initial,485
nginx,485
pipeline,485
student,485
tf,485
fit,484
important,484
mark,483
canvas,482
cluster,482
pretty,482
builder,481
follows,479
extra,478
chr,477
hash,477
blob,476
gradle,476
quote,476
algorithm,474
certain,474
perhaps,474
believe,473
modify,472
dont,471
region,471
tutorial,471
bash,470
continue,469
medium,469
profile,469
visual,469
desired,468
entire,468
terminal,468
asset,466
play,466
removed,466
successfully,465
constant,464
enabled,464
merge,464
assume,463
sequence,463
several,463
easy,462
requires,462
shared,461
ax,460
invoke,459
built,458
cc,458
userid,457
calculate,456
follow,456
requirement,456
anyway,455
ec,455
redirect,455
asp,453
demo,453
po,452
attempt,451
fails,450
area,449
perform,449
br,448
includes,448
svg,448
matter,447
androidx,446
appears,446
effect,446
including,446
register,446
backend,445
additional,444
country,444
apple,443
cast,443
draw,441
uri,441
credential,440
unless,440
scale,439
goal,438
happen,437
usually,437
likely,436
spark,436
according,435
dir,435
parser,435
sender,435
explanation,433
fun,433
generic,433
purpose,433
volume,433
alt,432
apps,432
unknown,432
sent,431
dropdown,430
general,430
loaded,430
stage,428
md,427
opt,426
dd,425
formula,425
ruby,425
stuff,425
alert,424
picture,424
present,424
authentication,423
blue,423
disabled,423
cli,422
activity,421
ctx,421
learn,421
decimal,420
green,420
sdk,420
linked,419
necessary,419
pod,419
enable,418
reply,418
bind,417
nav,416
seen,416
specified,416
dll,415
sleep,415
big,414
cmd,414
queue,414
inner,413
mm,413
edge,412
kafka,411
sys,411
today,411
reset,410
useeffect,410
ab,409
wrap,409
curl,408
mb,408
whatever,408
iteration,407
others,407
repo,407
round,406
although,405
drop,405
perfectly,405
plt,405
rb,405
subject,405
usage,405
modifier,404
transaction,404
giving,403
oracle,403
phone,403
wrote,403
receive,402
supposed,402
ul,402
week,402
posted,401
dict,399
pair,399
postgres,399
therefore,399
choose,398
cursor,398
bundle,397
executed,397
theme,397
origin,394
relevant,394
high,393
appreciate,392
guide,392
screenshot,392
ssl,392
cpp,391
yeah,391
gcc,390
abc,389
bot,389
design,389
finally,386
clean,385
ex,385
included,385
material,384
fragment,383
third,383
inline,382
plugins,382
direction,380
postgresql,378
short,378
tested,378
axios,377
review,377
typeerror,377
together,376
dt,375
instruction,375
relative,375
configure,374
pygame,374
summary,374
blank,373
lock,373
secret,373
speed,373
minimal,372
moment,372
exec,371
laravel,370
removing,369
saying,369
stuck,369
coordinate,368
radius,367
allowed,366
fn,364
pre,364
proper,364
situation,364
ff,363
sign,363
_t,362
appear,362
el,362
st,362
connected,361
nil,361
sc,361
sending,361
understanding,361
happening,360
saved,360
sizeof,359
utc,359
wrapper,358
deleted,357
sound,357
absolute,356
across,356
duration,356
programming,356
_id,354
assuming,354
fail,354
hook,354
production,354
managed,353
team,353
ubuntu,353
dist,352
mp,351
procedure,350
sometimes,350
bean,349
distinct,349
produce,349
startup,349
timeout,347
distance,346
metadata,346
supported,346
appdata,345
substring,345
allows,344
author,344
editor,344
endl,344
matching,344
scroll,344
cpu,343
delay,343
certificate,342
containing,341
notification,341
snapshot,341
rat,340
thus,340
feel,339
refer,339
regular,339
depending,338
kubernetes,338
xmlns,338
virtual,337
batch,336
repeat,336
unsigned,336
writeline,336
lower,335
payload,335
updating,335
alternative,334
dom,334
indeed,334
scala,334
validation,334
listener,333
pull,333
queryselector,333
ignore,332
hide,331
policy,331
ran,331
selector,331
slide,331
rect,330
reduce,330
learning,329
protected,329
arg,328
faster,328
hit,328
identity,328
practice,327
scenario,327
development,326
disable,326
gyp,326
pool,326
agent,325
elif,325
enum,325
forward,325
yaml,325
libs,324
mistake,323
raw,323
creates,322
oh,322
series,321
deploy,320
okay,320
reproducible,320
timer,320
optional,319
protocol,319
refresh,319
dynamically,318
easily,318
iterate,318
lastname,318
pop,318
prefix,318
firestore,317
selenium,317
somehow,317
somewhere,317
taking,317
destination,316
flow,316
mail,316
recent,316
reverse,316
displayed,315
hold,315
retrieve,315
spec,315
press,314
alias,313
copying,313
lxml,313
quantity,313
force,312
mask,312
signature,312
ac,310
asked,310
mat,310
numeric,310
almost,309
qt,309
visible,309
depends,308
navigation,308
webpack,308
cmake,307
longer,307
mind,307
prevent,307
animation,306
mobile,306
sun,306
along,305
assignment,305
discord,305
loader,305
low,305
rel,305
ssh,305
cart,304
checkbox,304
solid,304
cd,303
dimension,303
functionality,303
loss,303
powershell,303
family,302
pm,302
processing,302
stylesheet,302
launch,301
mention,301
mt,301
john,300
mac,300
received,300
manual,299
meant,299
attr,298
kera,298
slice,298
vec,298
addeventlistener,297
contact,297
deployment,297
initialize,297
nice,297
manage,296
mapping,296
whenever,296
dplyr,295
hand,295
nd,295
reader,295
selection,295
declaration,294
implemented,294
ad,293
debugging,293
school,293
followed,292
kernel,292
modified,292
co,291
chat,290
con,290
known,290
slow,290
suggested,290
aes,289
wondering,289
calculation,288
clicked,288
dot,288
fast,288
geometry,288
redis,288
xc,288
aware,286
worksheet,286
frontend,285
logger,285
middle,285
mutate,285
ct,284
individual,283
literal,283
tk,283
tot,283
aria,282
audio,282
definitely,282
jaar,282
specifically,282
cant,281
coding,281
conf,281
factory,281
incorrect,281
traceback,281
uid,281
fff,280
lookup,280
period,280
advice,279
fo,279
javax,279
marker,279
ah,278
cost,278
dispatch,278
lead,278
xxx,278
recyclerview,277
reflect,277
software,277
utils,277
yyyy,277
crash,276
groupby,276
increase,276
layout_height,276
packet,276
clause,275
declared,275
drive,275
layout_width,275
online,275
ready,273
thinking,273
toggle,273
appendchild,272
assigned,272
tensorflow,272
bound,271
caused,271
dialog,271
obviously,271
pipe,271
raise,271
verify,271
handling,270
union,270
negative,269
dog,268
idx,268
leave,268
maximum,268
viewmodel,268
amd,267
bucket,267
executing,267
signal,267
ensure,266
kotlin,266
weird,266
causing,265
corresponding,264
explicitly,264
front,264
keyword,264
lat,264
progress,264
confused,263
firstname,263
remember,263
skip,263
taken,263
tg,263
twice,263
calendar,262
clone,262
groupidorg,262
mongodb,262
plan,262
stringify,262
track,262
explicit,261
seeing,261
accepted,260
dbl,260
immediately,259
keyboard,259
quick,259
reproduce,259
size_t,259
special,259
terraform,259
failure,258
ie,258
piece,258
shift,258
jackson,257
live,257
average,256
determine,256
heap,256
sp,256
blog,255
ch,255
heroku,255
spreadsheet,255
strange,255
validate,255
discussion,254
hence,254
scanf,254
workbook,254
alter,253
listen,253
pick,253
